{"cameraMode":{"drawMode":0,"name":"Shaded","section":"Shading Mode"},"sceneLighting":false,"audioPlay":false,"sceneViewState":{"showFog":true,"showMaterialUpdate":true,"showSkybox":true,"showFlares":true,"showImageEffects":true,"showParticleSystems":true},"in2DMode":false,"pivot":{"x":-90.21575164794922,"y":-54.59941864013672,"z":-0.19358432292938233},"rotation":{"x":-0.07905647903680802,"y":-0.21216405928134919,"z":0.017222747206687928,"w":-0.973878800868988},"size":7.837961196899414,"orthographic":false}