{"cameraMode":{"drawMode":0,"name":"Shaded","section":"Shading Mode"},"sceneLighting":true,"audioPlay":false,"sceneViewState":{"showFog":true,"showMaterialUpdate":true,"showSkybox":true,"showFlares":true,"showImageEffects":true,"showParticleSystems":true},"in2DMode":false,"pivot":{"x":16.62030601501465,"y":6.067625999450684,"z":-7.360468864440918},"rotation":{"x":-0.0164981447160244,"y":0.011994770728051663,"z":-0.00019798170251306146,"w":-0.9997919797897339},"size":3.24463152885437,"orthographic":false}