{"cameraMode":{"drawMode":0,"name":"Shaded","section":"Shading Mode"},"sceneLighting":false,"audioPlay":false,"sceneViewState":{"showFog":true,"showMaterialUpdate":true,"showSkybox":true,"showFlares":true,"showImageEffects":true,"showParticleSystems":true},"in2DMode":false,"pivot":{"x":8.783212661743164,"y":3.0066003799438478,"z":-3.1049461364746095},"rotation":{"x":-0.25078290700912478,"y":0.00870924349874258,"z":-0.00225640507414937,"w":-0.9680016040802002},"size":9.97605037689209,"orthographic":false}