{"cameraMode":{"drawMode":0,"name":"Shaded","section":"Shading Mode"},"sceneLighting":false,"audioPlay":false,"sceneViewState":{"showFog":true,"showMaterialUpdate":true,"showSkybox":true,"showFlares":true,"showImageEffects":true,"showParticleSystems":true},"in2DMode":false,"pivot":{"x":12.201571464538575,"y":2.7125039100646974,"z":-2.101332187652588},"rotation":{"x":-0.14678128063678742,"y":0.12428079545497894,"z":-0.01859256625175476,"w":-0.9811543822288513},"size":9.29910945892334,"orthographic":false}