{"cameraMode":{"drawMode":0,"name":"Shaded","section":"Shading Mode"},"sceneLighting":true,"audioPlay":false,"sceneViewState":{"showFog":true,"showMaterialUpdate":true,"showSkybox":true,"showFlares":true,"showImageEffects":true,"showParticleSystems":true},"in2DMode":false,"pivot":{"x":3.596038818359375,"y":0.47390663623809817,"z":0.720686674118042},"rotation":{"x":-0.1252550631761551,"y":0.08026672899723053,"z":-0.010167533531785012,"w":-0.9888200759887695},"size":4.105505466461182,"orthographic":false}