{"cameraMode":{"drawMode":0,"name":"Shaded","section":"Shading Mode"},"sceneLighting":false,"audioPlay":false,"sceneViewState":{"showFog":true,"showMaterialUpdate":true,"showSkybox":true,"showFlares":true,"showImageEffects":true,"showParticleSystems":true},"in2DMode":false,"pivot":{"x":12.379331588745118,"y":-0.48227405548095705,"z":2.911172866821289},"rotation":{"x":-0.25415733456611636,"y":0.1329536736011505,"z":-0.03529734909534454,"w":-0.9573304057121277},"size":22.0,"orthographic":false}