{"cameraMode":{"drawMode":0,"name":"Shaded","section":"Shading Mode"},"sceneLighting":false,"audioPlay":false,"sceneViewState":{"showFog":true,"showMaterialUpdate":true,"showSkybox":true,"showFlares":true,"showImageEffects":true,"showParticleSystems":true},"in2DMode":false,"pivot":{"x":359.4768371582031,"y":189.38674926757813,"z":-403.9332275390625},"rotation":{"x":-0.07485625147819519,"y":0.3329010009765625,"z":-0.026521362364292146,"w":-0.9396117329597473},"size":4.200049877166748,"orthographic":false}