{"cameraMode":{"drawMode":0,"name":"Shaded","section":"Shading Mode"},"sceneLighting":false,"audioPlay":false,"sceneViewState":{"showFog":true,"showMaterialUpdate":true,"showSkybox":true,"showFlares":true,"showImageEffects":true,"showParticleSystems":true},"in2DMode":false,"pivot":{"x":-1.850000023841858,"y":0.13545364141464234,"z":0.0},"rotation":{"x":-0.07905647903680802,"y":-0.21216405928134919,"z":0.017222747206687928,"w":-0.973878800868988},"size":3.4255294799804689,"orthographic":false}