{"cameraMode":{"drawMode":0,"name":"Shaded","section":"Shading Mode"},"sceneLighting":false,"audioPlay":false,"sceneViewState":{"showFog":true,"showMaterialUpdate":true,"showSkybox":true,"showFlares":true,"showImageEffects":true,"showParticleSystems":true},"in2DMode":false,"pivot":{"x":6.5526442527771,"y":-4.959023475646973,"z":4.432877540588379},"rotation":{"x":-0.07905647903680802,"y":-0.21216405928134919,"z":0.017222747206687928,"w":-0.973878800868988},"size":3.8510990142822267,"orthographic":false}