{"cameraMode":{"drawMode":0,"name":"Shaded","section":"Shading Mode"},"sceneLighting":false,"audioPlay":false,"sceneViewState":{"showFog":true,"showMaterialUpdate":true,"showSkybox":true,"showFlares":true,"showImageEffects":true,"showParticleSystems":true},"in2DMode":false,"pivot":{"x":-4.966917037963867,"y":-0.44460320472717287,"z":0.059624671936035159},"rotation":{"x":-0.25415733456611636,"y":0.1329536736011505,"z":-0.03529734909534454,"w":-0.9573304057121277},"size":6.315001487731934,"orthographic":false}