{"cameraMode":{"drawMode":0,"name":"Shaded","section":"Shading Mode"},"sceneLighting":true,"audioPlay":false,"sceneViewState":{"showFog":true,"showMaterialUpdate":true,"showSkybox":true,"showFlares":true,"showImageEffects":true,"showParticleSystems":true},"in2DMode":false,"pivot":{"x":-2.584026575088501,"y":9.883684158325196,"z":-11.84819221496582},"rotation":{"x":-0.30481061339378359,"y":0.17021813988685609,"z":-0.05546543374657631,"w":-0.9354357123374939},"size":3.419356346130371,"orthographic":false}