{"cameraMode":{"drawMode":0,"name":"Shaded","section":"Shading Mode"},"sceneLighting":true,"audioPlay":false,"sceneViewState":{"showFog":true,"showMaterialUpdate":true,"showSkybox":true,"showFlares":true,"showImageEffects":true,"showParticleSystems":true},"in2DMode":false,"pivot":{"x":-27.034948348999025,"y":-0.6845836639404297,"z":634.7455444335938},"rotation":{"x":-0.010499445721507073,"y":0.008998038247227669,"z":-0.00009444502939004451,"w":-0.999904453754425},"size":526.6610717773438,"orthographic":false}